{"cameraMode":{"drawMode":0,"name":"Shaded","section":"Shading Mode"},"sceneLighting":false,"audioPlay":false,"sceneViewState":{"showFog":true,"showMaterialUpdate":true,"showSkybox":false,"showFlares":true,"showImageEffects":true,"showParticleSystems":true},"in2DMode":false,"pivot":{"x":68.9052734375,"y":8.15185546875,"z":1.1455078125},"rotation":{"x":0.11991547048091889,"y":0.7853111624717712,"z":-0.16148193180561067,"w":0.5856821537017822},"size":8.078490257263184,"orthographic":true}