{"cameraMode":{"drawMode":0,"name":"Shaded","section":"Shading Mode"},"sceneLighting":false,"audioPlay":false,"sceneViewState":{"showFog":true,"showMaterialUpdate":true,"showSkybox":true,"showFlares":true,"showImageEffects":true,"showParticleSystems":true},"in2DMode":false,"pivot":{"x":7.6015625,"y":4.86181640625,"z":-22.80548095703125},"rotation":{"x":-0.0070755938068032269,"y":-0.9908034205436707,"z":0.12100935727357865,"w":-0.06217489019036293},"size":16.99644660949707,"orthographic":true}