{"cameraMode":{"drawMode":0,"name":"Shaded","section":"Shading Mode"},"sceneLighting":true,"audioPlay":false,"sceneViewState":{"showFog":true,"showMaterialUpdate":false,"showSkybox":false,"showFlares":true,"showImageEffects":true,"showParticleSystems":true},"in2DMode":false,"pivot":{"x":84.4800033569336,"y":4.420000076293945,"z":-1.820000171661377},"rotation":{"x":-0.2596442401409149,"y":0.4182593822479248,"z":-0.1260947585105896,"w":-0.8612459897994995},"size":5.341756820678711,"orthographic":false}