{"cameraMode":{"drawMode":0,"name":"Shaded","section":"Shading Mode"},"sceneLighting":false,"audioPlay":false,"sceneViewState":{"showFog":true,"showMaterialUpdate":false,"showSkybox":false,"showFlares":true,"showImageEffects":true,"showParticleSystems":true},"in2DMode":false,"pivot":{"x":-2.470695972442627,"y":1.0181944370269776,"z":-1.5071065425872803},"rotation":{"x":0.48648667335510256,"y":-0.4618682563304901,"z":0.3412422835826874,"w":0.6584640145301819},"size":3.5821173191070558,"orthographic":false}