{"cameraMode":{"drawMode":0,"name":"Shaded","section":"Shading Mode"},"sceneLighting":true,"audioPlay":false,"sceneViewState":{"showFog":true,"showMaterialUpdate":false,"showSkybox":false,"showFlares":true,"showImageEffects":true,"showParticleSystems":true},"in2DMode":false,"pivot":{"x":-0.41499996185302737,"y":3.287706136703491,"z":-2.4899988174438478},"rotation":{"x":-0.21673135459423066,"y":0.2365177571773529,"z":-0.05421017110347748,"w":-0.945594310760498},"size":107.46288299560547,"orthographic":false}