{"cameraMode":{"drawMode":0,"name":"Shaded","section":"Shading Mode"},"sceneLighting":false,"audioPlay":false,"sceneViewState":{"showFog":true,"showMaterialUpdate":false,"showSkybox":false,"showFlares":true,"showImageEffects":true,"showParticleSystems":true},"in2DMode":false,"pivot":{"x":-80.86277770996094,"y":5.704500198364258,"z":-14.58757495880127},"rotation":{"x":0.2316690981388092,"y":-0.6320059895515442,"z":0.20615622401237489,"w":0.7102228403091431},"size":27.651866912841798,"orthographic":false}